{
  "claude-opus-4-6":    { "input": 0.000015,   "output": 0.000075   },
  "claude-sonnet-4-6":  { "input": 0.000003,   "output": 0.000015   },
  "claude-haiku-4-5":   { "input": 0.00000025, "output": 0.00000125 },
  "gpt-4o":             { "input": 0.000005,   "output": 0.000015   },
  "gemini-1.5-pro":     { "input": 0.00000125, "output": 0.000005   }
}
